id;name;phone_number;gender;address_line_1;address_line_2;address_line_3;address_line_4;town_city;county;zip
1;Assistant;Market;DIVERSE;green Investment Security;SQL;empower auxiliary experiences;Sahara;Kong deposit;indexing Ball;users
2;Directives Soft Implementation;partnerships Uzbekistan intelligence;DIVERSE;Steel;invoice copying protocol;deposit digital Compatible;Kids;Peso;synthesize Lilangeni initiatives;Directives
3;Loan Lead;RSS COM;DIVERSE;Handcrafted FTP;white;Refined Island architectures;fuchsia override;deposit Horizontal;Loan Handcrafted Architect;Liaison overriding
4;technologies;Sausages;FEMALE;Central overriding;channels invoice;gold high-level;transitional intuitive black;Clothing;Web;silver wireless up
5;Open-source parsing Ramp;Human New;DIVERSE;Man withdrawal Chief;RAM;(Keeling) quantify generating;Sausages user indexing;transmitter salmon Executive;up neural;orange
6;Oregon Loaf microchip;California invoice Investment;FEMALE;Beauty XSS Curve;Bacon Dam;Frozen calculate Wall;Rhode e-tailers;system payment Oklahoma;Washington;Refined harness
7;Peso Engineer Buckinghamshire;Wooden Forward;DIVERSE;parsing Fantastic Bedfordshire;Frozen Nebraska;Solutions Bacon Beauty;Tome;Health redundant Grocery;Loan;Architect
8;Grocery;Total;FEMALE;Dynamic Loaf;Buckinghamshire reboot;olive parse;hacking embrace;concept Investor;Belarussian;monitor Handcrafted up
9;Fish Tenge;PCI;MALE;Cambridgeshire Unbranded;SDD;interface payment Unions;Metal payment Optimization;Lead Licensed;Generic Kiribati;Market Mongolia override
10;District;Developer Group artificial;FEMALE;Tools index definition;Berkshire Gold Bedfordshire;Baby deposit;fuchsia;Libyan;portals Shoes Utah;Dollar
